step,rlinf_loss,ref_loss,abs_delta,rlinf_lr,rlinf_grad_norm
0,0.292358,0.246094,0.046265,2.4975024714990468e-08,6.39044
1,0.22583,0.235352,0.009521,4.9950049429980936e-08,1.99153
2,0.23584,0.246094,0.010254,7.492507592132824e-08,2.00433
3,0.223633,0.240234,0.016602,9.990009885996187e-08,2.18822
4,0.242432,0.24707,0.004639,1.2487511469316814e-07,2.59416
5,0.237183,0.239258,0.002075,1.498501518426565e-07,2.04812
6,0.196899,0.227539,0.03064,1.7482517478129012e-07,1.75657
7,0.274414,0.24707,0.027344,1.9980019771992374e-07,2.86189
8,0.269653,0.25,0.019653,2.247752348694121e-07,4.46965
9,0.198364,0.259766,0.061401,2.497502293863363e-07,1.97521
10,0.22522,0.248047,0.022827,2.7472526653582463e-07,1.75336
11,0.190063,0.251953,0.06189,2.99700303685313e-07,1.79663
12,0.222534,0.236328,0.013794,3.246753124130919e-07,2.65619
13,0.200439,0.237305,0.036865,3.4965034956258023e-07,2.01974
14,0.168823,0.213867,0.045044,3.746253867120686e-07,1.45519
15,0.244385,0.198242,0.046143,3.996003954398475e-07,2.06698
16,0.210815,0.191406,0.019409,4.2457537574591697e-07,3.27686
17,0.163818,0.185547,0.021729,4.495504697388242e-07,1.27056
18,0.175964,0.174805,0.00116,4.745254784666031e-07,1.60568
19,0.16272,0.179688,0.016968,4.995004587726726e-07,1.0675
20,0.169983,0.166992,0.002991,5.244755243438703e-07,2.00919
21,0.151489,0.160156,0.008667,5.494505330716493e-07,1.18422
22,0.144348,0.157227,0.012878,5.744255417994282e-07,0.99906
23,0.1698,0.176758,0.006958,5.99400607370626e-07,2.90007
24,0.161987,0.174805,0.012817,6.243756160984049e-07,1.03432
25,0.130371,0.168945,0.038574,6.493506248261838e-07,1.00657
26,0.149536,0.178711,0.029175,6.743256903973815e-07,0.97376
27,0.139893,0.162109,0.022217,6.993006991251605e-07,0.85952
28,0.133545,0.154297,0.020752,7.242757078529394e-07,0.80432
29,0.117676,0.146484,0.028809,7.492507734241372e-07,0.87365
30,0.113647,0.132812,0.019165,7.742256684650783e-07,0.75126
31,0.127136,0.119141,0.007996,7.99200790879695e-07,0.78204
32,0.128845,0.114746,0.014099,8.241758564508928e-07,0.83869
33,0.114441,0.115234,0.000793,8.491507514918339e-07,0.84831
34,0.115845,0.117676,0.001831,8.741258739064506e-07,0.75372
35,0.102356,0.125977,0.023621,8.991009394776484e-07,0.65798
36,0.102722,0.111816,0.009094,9.240758345185895e-07,0.66002
37,0.106628,0.104004,0.002625,9.490509569332062e-07,0.66447
38,0.088135,0.105469,0.017334,9.74025965660985e-07,0.61459
39,0.094543,0.109375,0.014832,9.990009175453451e-07,0.55786
40,0.095215,0.111328,0.016113,1.023975983116543e-06,0.61681
41,0.103149,0.106445,0.003296,1.0489510486877407e-06,0.77253
42,0.100342,0.105957,0.005615,1.0739260005721007e-06,0.57218
43,0.088013,0.098145,0.010132,1.0989010661432985e-06,0.51128
44,0.084869,0.109863,0.024994,1.1238761317144963e-06,0.52625
45,0.095459,0.11377,0.018311,1.1488510835988563e-06,0.60591
46,0.067169,0.097168,0.029999,1.1738261491700541e-06,0.58496
47,0.077881,0.090332,0.012451,1.198801214741252e-06,0.53702
48,0.073578,0.093262,0.019684,1.223776166625612e-06,0.54569
49,0.078796,0.090332,0.011536,1.2487512321968097e-06,0.56095
50,0.073181,0.085449,0.012268,1.2737262977680075e-06,0.52489
51,0.067657,0.075684,0.008026,1.2987012496523676e-06,0.41838
52,0.062286,0.077148,0.014862,1.3236763152235653e-06,0.40924
53,0.067169,0.073242,0.006073,1.348651380794763e-06,0.46547
54,0.047943,0.078125,0.030182,1.3736263326791232e-06,0.43404
55,0.067627,0.078125,0.010498,1.398601398250321e-06,0.44788
56,0.056396,0.06543,0.009033,1.4235764638215187e-06,0.42663
57,0.072144,0.076172,0.004028,1.4485514157058788e-06,0.49731
58,0.052032,0.07959,0.027557,1.4735264812770765e-06,0.45451
59,0.051346,0.07959,0.028244,1.4985015468482743e-06,0.34163
60,0.05867,0.069824,0.011154,1.5234764987326344e-06,0.38203
61,0.058105,0.062256,0.00415,1.5484513369301567e-06,0.3882
62,0.043701,0.047607,0.003906,1.57342662987503e-06,0.38666
63,0.055389,0.060547,0.005157,1.59840158175939e-06,0.3177
64,0.063644,0.055664,0.00798,1.6233768747042632e-06,0.39692
65,0.070404,0.061035,0.009369,1.6483517129017855e-06,0.5668
66,0.045288,0.053955,0.008667,1.6733266647861456e-06,0.36899
67,0.057953,0.049072,0.008881,1.6983015029836679e-06,0.36945
68,0.057495,0.054688,0.002808,1.723276795928541e-06,0.51226
69,0.046295,0.070312,0.024017,1.7482517478129012e-06,0.33831
70,0.054001,0.061768,0.007767,1.7732270407577744e-06,0.36491
71,0.040596,0.051514,0.010918,1.7982018789552967e-06,0.29269
72,0.05217,0.044922,0.007248,1.8231768308396568e-06,0.37572
73,0.053009,0.04126,0.011749,1.848151669037179e-06,0.38571
74,0.030258,0.042969,0.012711,1.8731269619820523e-06,0.29155
75,0.043472,0.045898,0.002426,1.8981019138664124e-06,0.45536
76,0.043594,0.040527,0.003067,1.9230772068112856e-06,0.39572
77,0.036484,0.046875,0.010391,1.94805193132197e-06,0.37235
78,0.038239,0.047119,0.008881,1.9730268832063302e-06,0.29432
79,0.034622,0.057617,0.022995,1.9980018350906903e-06,0.25288
80,0.055008,0.053711,0.001297,2.022977014348726e-06,0.46164
81,0.043121,0.055664,0.012543,2.047951966233086e-06,0.40325
82,0.03125,0.051758,0.020508,2.0729273728647968e-06,0.26498
83,0.038483,0.046631,0.008148,2.0979020973754814e-06,0.28242
84,0.048813,0.051758,0.002945,2.1228770492598414e-06,0.38779
85,0.025528,0.054688,0.02916,2.1478520011442015e-06,0.39151
86,0.024658,0.047119,0.022461,2.172827180402237e-06,0.25468
87,0.036171,0.042236,0.006065,2.197802132286597e-06,0.28679
88,0.03566,0.050537,0.014877,2.222777538918308e-06,0.2877
89,0.040634,0.049072,0.008438,2.2477522634289926e-06,0.34847
90,0.039551,0.050537,0.010986,2.2727272153133526e-06,0.27802
91,0.032631,0.047852,0.015221,2.2977021671977127e-06,0.27374
92,0.044617,0.039795,0.004822,2.322677346455748e-06,0.42326
93,0.021286,0.041992,0.020706,2.3476522983401082e-06,0.22625
94,0.024063,0.043945,0.019882,2.372627704971819e-06,0.25991
95,0.04528,0.04126,0.004021,2.397602429482504e-06,0.36212
96,0.026901,0.041748,0.014847,2.422577381366864e-06,0.21162
97,0.027832,0.037109,0.009277,2.447552333251224e-06,0.37891
98,0.028305,0.034668,0.006363,2.4725275125092594e-06,0.23224
99,0.022697,0.044189,0.021492,2.4975024643936194e-06,0.21608
100,0.036179,0.050537,0.014359,2.5224774162779795e-06,0.37706
101,0.027596,0.049316,0.021721,2.547452595536015e-06,0.21436
102,0.028351,0.05127,0.022919,2.572427547420375e-06,0.25464
103,0.027115,0.043457,0.016342,2.597402499304735e-06,0.27286
104,0.026657,0.052002,0.025345,2.622377451189095e-06,0.24549
105,0.031662,0.051514,0.019852,2.6473526304471307e-06,0.45634
106,0.028473,0.044922,0.016449,2.672327809705166e-06,0.31752
107,0.022205,0.054688,0.032482,2.697302761589526e-06,0.263
108,0.037796,0.05127,0.013474,2.7222777134738863e-06,0.42576
109,0.03933,0.044922,0.005592,2.7472526653582463e-06,0.36371
110,0.031059,0.047119,0.01606,2.7722276172426064e-06,0.37439
111,0.021904,0.05127,0.029366,2.797202796500642e-06,0.29075
112,0.029694,0.044189,0.014496,2.8221779757586773e-06,0.52635
113,0.026497,0.031128,0.004631,2.8471529276430374e-06,0.31801
114,0.021362,0.038086,0.016724,2.8721278795273975e-06,0.23694
115,0.022736,0.039062,0.016327,2.8971028314117575e-06,0.23443
116,0.034073,0.047852,0.013779,2.9220777832961176e-06,0.42823
117,0.019783,0.043213,0.02343,2.947052962554153e-06,0.35082
118,0.026657,0.042969,0.016312,2.9720281418121886e-06,0.33585
119,0.031242,0.040039,0.008797,2.9970030936965486e-06,0.29104
120,0.034729,0.036377,0.001648,3.0219780455809087e-06,0.38019
121,0.029083,0.035889,0.006805,3.0469529974652687e-06,0.26334
122,0.028778,0.039062,0.010284,3.0719279493496288e-06,0.39214
123,0.021339,0.039062,0.017723,3.0969026738603134e-06,0.23612
124,0.027901,0.036865,0.008965,3.1218783078656998e-06,0.28957
125,0.022049,0.0354,0.013351,3.14685325975006e-06,0.22201
126,0.02066,0.042236,0.021576,3.17182821163442e-06,0.22666
127,0.032562,0.044678,0.012115,3.19680316351878e-06,0.20892
128,0.030022,0.035889,0.005867,3.2217778880294645e-06,0.3089
129,0.030579,0.036865,0.006287,3.2467537494085263e-06,0.30079
130,0.022827,0.03833,0.015503,3.271728473919211e-06,0.31194
131,0.019127,0.033936,0.014809,3.296703425803571e-06,0.24992
132,0.02018,0.034424,0.014244,3.321678377687931e-06,0.22967
133,0.028183,0.034912,0.006729,3.346653329572291e-06,0.23647
134,0.023769,0.032471,0.008701,3.3716280540829757e-06,0.21899
135,0.033127,0.023438,0.009689,3.3966030059673358e-06,0.34103
136,0.030441,0.02356,0.006882,3.421578639972722e-06,0.44607
137,0.022591,0.031738,0.009148,3.446553591857082e-06,0.301
138,0.023506,0.023926,0.00042,3.4715285437414423e-06,0.2617
139,0.016998,0.02478,0.007782,3.4965034956258023e-06,0.21357
140,0.019886,0.026489,0.006603,3.521478220136487e-06,0.18392
141,0.028664,0.031738,0.003075,3.5464540815155488e-06,0.2109
142,0.023323,0.026123,0.0028,3.5714288060262334e-06,0.21539
143,0.02533,0.029663,0.004333,3.5964037579105934e-06,0.35788
144,0.022789,0.025757,0.002968,3.6213787097949535e-06,0.74965
145,0.023598,0.032471,0.008873,3.6463536616793135e-06,0.15616
146,0.027687,0.040283,0.012596,3.671328386189998e-06,0.24814
147,0.021233,0.02832,0.007088,3.696303338074358e-06,0.17775
148,0.020004,0.021729,0.001724,3.7212789720797446e-06,0.23036
149,0.02681,0.02002,0.00679,3.7462539239641046e-06,0.27237
150,0.025627,0.026367,0.00074,3.7712288758484647e-06,0.33476
151,0.017563,0.031738,0.014175,3.7962038277328247e-06,0.21209
152,0.025536,0.045166,0.01963,3.821178779617185e-06,0.19695
153,0.023468,0.032471,0.009003,3.846154413622571e-06,0.23847
154,0.01392,0.035156,0.021236,3.871129138133256e-06,0.18123
155,0.022148,0.0354,0.013252,3.89610386264394e-06,0.18713
156,0.01812,0.032471,0.014351,3.921079041901976e-06,0.19439
157,0.021851,0.03064,0.008789,3.9460537664126605e-06,0.19531
158,0.020103,0.032715,0.012611,3.971028945670696e-06,0.20782
159,0.019512,0.037598,0.018085,3.996003670181381e-06,0.14461
160,0.026123,0.042236,0.016113,4.020978394692065e-06,0.22521
161,0.017441,0.03833,0.020889,4.045954028697452e-06,0.18353
162,0.020607,0.048828,0.028221,4.070929207955487e-06,0.27007
163,0.013138,0.035645,0.022507,4.095903932466172e-06,0.13427
164,0.023132,0.035889,0.012756,4.120879111724207e-06,0.18741
165,0.017807,0.033936,0.016129,4.1458547457295936e-06,0.16082
166,0.01749,0.037598,0.020107,4.170829470240278e-06,0.18823
167,0.019791,0.029053,0.009262,4.195804194750963e-06,0.20632
168,0.019836,0.021973,0.002136,4.220779374008998e-06,0.18321
169,0.011997,0.024536,0.012539,4.245754098519683e-06,0.12178
170,0.020687,0.031738,0.011051,4.270729277777718e-06,0.18811
171,0.02631,0.029297,0.002987,4.295704002288403e-06,0.27497
172,0.030491,0.033203,0.002712,4.320678726799088e-06,0.24033
173,0.017094,0.029785,0.012691,4.345654360804474e-06,0.21126
174,0.023148,0.031006,0.007858,4.3706295400625095e-06,0.23787
175,0.014194,0.045898,0.031704,4.395604264573194e-06,0.15221
176,0.020012,0.027588,0.007576,4.42057944383123e-06,0.1932
177,0.012566,0.024048,0.011482,4.445555077836616e-06,0.1832
178,0.019211,0.033203,0.013992,4.4705298023473006e-06,0.26596
179,0.01757,0.037598,0.020027,4.495504526857985e-06,0.1606
180,0.022175,0.026123,0.003948,4.520479706116021e-06,0.23015
181,0.016975,0.020508,0.003532,4.545454430626705e-06,0.19173
182,0.024452,0.022949,0.001503,4.570429609884741e-06,0.21164
183,0.019211,0.022827,0.003616,4.595404334395425e-06,0.18669
184,0.027725,0.018677,0.009048,4.62037905890611e-06,0.37543
185,0.018978,0.028076,0.009098,4.645354692911496e-06,0.18903
186,0.019615,0.034424,0.014809,4.670329872169532e-06,0.17957
187,0.017166,0.027832,0.010666,4.6953045966802165e-06,0.16442
188,0.018288,0.026855,0.008568,4.720279775938252e-06,0.31006
189,0.021301,0.023193,0.001892,4.745255409943638e-06,0.30212
190,0.016548,0.020874,0.004326,4.770230134454323e-06,0.15199
191,0.02684,0.02124,0.0056,4.795204858965008e-06,0.53105
192,0.022083,0.024292,0.002209,4.820180038223043e-06,0.20479
193,0.017296,0.019165,0.001869,4.845154762733728e-06,0.26301
194,0.017836,0.038574,0.020739,4.870129941991763e-06,0.21616
195,0.022434,0.035889,0.013454,4.895104666502448e-06,0.19887
196,0.022324,0.038818,0.016495,4.920079391013132e-06,0.23203
197,0.019707,0.037109,0.017403,4.945055025018519e-06,0.35052
198,0.018799,0.039062,0.020264,4.970029749529203e-06,0.32783
199,0.024734,0.030151,0.005417,4.995004928787239e-06,0.21954
200,0.019348,0.031494,0.012146,5.019980108045274e-06,0.27306
201,0.019295,0.029907,0.010612,5.044954832555959e-06,0.19235
202,0.016472,0.03125,0.014778,5.069930466561345e-06,0.20985
203,0.01759,0.026245,0.008656,5.09490519107203e-06,0.20214
204,0.020309,0.021606,0.001297,5.119879915582715e-06,0.19252
205,0.015491,0.022461,0.006969,5.14485509484075e-06,0.19644
206,0.017982,0.027344,0.009361,5.169830274098786e-06,0.20237
207,0.015762,0.026489,0.010727,5.19480499860947e-06,0.21154
208,0.027359,0.025757,0.001602,5.219779723120155e-06,0.25267
209,0.020554,0.025757,0.005203,5.24475490237819e-06,0.18994
210,0.009529,0.038086,0.028557,5.269729626888875e-06,0.16399
211,0.013046,0.032959,0.019913,5.294705260894261e-06,0.12618
212,0.0172,0.025024,0.007824,5.319680894899648e-06,0.21069
213,0.016693,0.026367,0.009674,5.344655619410332e-06,0.23752
214,0.018009,0.034668,0.016659,5.369630798668368e-06,0.20713
215,0.014362,0.032471,0.018108,5.394605523179052e-06,0.14746
216,0.032158,0.023193,0.008965,5.419580247689737e-06,0.31668
217,0.013241,0.021362,0.008121,5.4445554269477725e-06,0.20421
218,0.017239,0.0177,0.000462,5.469530606205808e-06,0.21487
219,0.024296,0.022461,0.001835,5.494505330716493e-06,0.3375
220,0.014641,0.022217,0.007576,5.519480055227177e-06,0.16884
221,0.028278,0.029907,0.001629,5.544455234485213e-06,0.23641
222,0.017727,0.025391,0.007664,5.569429958995897e-06,0.1559
223,0.014442,0.019775,0.005333,5.594405593001284e-06,0.29951
224,0.018837,0.026855,0.008018,5.61938122700667e-06,0.16498
225,0.013897,0.023315,0.009418,5.644355951517355e-06,0.20627
226,0.016193,0.026611,0.010418,5.66933113077539e-06,0.14835
227,0.01865,0.024292,0.005642,5.694305855286075e-06,0.17958
228,0.013157,0.025391,0.012234,5.719280579796759e-06,0.18644
229,0.014214,0.016846,0.002632,5.744255759054795e-06,0.16916
230,0.015907,0.02002,0.004112,5.76923093831283e-06,0.15678
231,0.015991,0.018311,0.002319,5.794205662823515e-06,0.19275
232,0.016983,0.025391,0.008408,5.8191803873342e-06,0.20338
233,0.013863,0.022827,0.008965,5.844155566592235e-06,0.19425
234,0.017712,0.029419,0.011707,5.86913029110292e-06,0.18944
235,0.023933,0.02356,0.000374,5.894105925108306e-06,0.21287
236,0.01685,0.026489,0.00964,5.9190815591136925e-06,0.20435
237,0.012386,0.026001,0.013615,5.944056283624377e-06,0.15107
238,0.017467,0.025757,0.008289,5.969031462882413e-06,0.17601
239,0.022194,0.025146,0.002953,5.994006187393097e-06,0.24287
240,0.015495,0.021362,0.005867,6.018980911903782e-06,0.17141
241,0.015465,0.019775,0.004311,6.043956091161817e-06,0.16235
242,0.022064,0.02771,0.005646,6.068931270419853e-06,0.16849
243,0.012711,0.018066,0.005356,6.093905994930537e-06,0.13809
244,0.013588,0.017456,0.003868,6.118880719441222e-06,0.1544
245,0.016922,0.025269,0.008347,6.1438558986992575e-06,0.16972
246,0.016834,0.023193,0.006359,6.168830623209942e-06,0.15105
247,0.015221,0.015869,0.000648,6.193805347720627e-06,0.15026
248,0.02203,0.023804,0.001774,6.218781891220715e-06,0.28309
249,0.020573,0.028442,0.00787,6.2437566157313995e-06,0.18392
250,0.015385,0.021118,0.005733,6.268731794989435e-06,0.12791
251,0.016266,0.025269,0.009003,6.29370651950012e-06,0.16532
252,0.016357,0.021973,0.005615,6.318681244010804e-06,0.18088
253,0.014557,0.022095,0.007538,6.34365642326884e-06,0.15974
254,0.023476,0.022095,0.001381,6.368631147779524e-06,0.26564
255,0.030548,0.021973,0.008575,6.39360632703756e-06,0.29315
256,0.015579,0.031738,0.016159,6.4185810515482444e-06,0.12698
257,0.021973,0.030884,0.008911,6.443555776058929e-06,0.15252
258,0.016037,0.032715,0.016678,6.4685309553169645e-06,0.13591
259,0.014595,0.033447,0.018852,6.493507498817053e-06,0.15769
260,0.014664,0.022583,0.007919,6.518480404338334e-06,0.16948
261,0.020782,0.019043,0.00174,6.543456947838422e-06,0.24151
262,0.029152,0.021118,0.008034,6.568432127096457e-06,0.22504
263,0.028748,0.023682,0.005066,6.593406851607142e-06,0.23846
264,0.021965,0.023804,0.001839,6.618381576117827e-06,0.18173
265,0.029053,0.024902,0.00415,6.643356755375862e-06,0.21657
266,0.014431,0.016357,0.001926,6.668331479886547e-06,0.14747
267,0.012775,0.014832,0.002056,6.693306659144582e-06,0.12324
268,0.013088,0.01532,0.002232,6.718281383655267e-06,0.11716
269,0.013657,0.015259,0.001602,6.7432561081659514e-06,0.14045
270,0.019894,0.019897,4e-06,6.768231287423987e-06,0.18608
271,0.012306,0.025391,0.013084,6.7932060119346716e-06,0.13013
272,0.013008,0.022217,0.009209,6.81818255543476e-06,0.16766
273,0.0173,0.021973,0.004673,6.843157279945444e-06,0.1595
274,0.011169,0.020996,0.009827,6.86813245920348e-06,0.10954
275,0.010494,0.02832,0.017826,6.893107183714164e-06,0.13884
276,0.017132,0.018433,0.001301,6.918081908224849e-06,0.14399
277,0.016661,0.016846,0.000185,6.9430570874828845e-06,0.16238
278,0.013329,0.01709,0.003761,6.968031811993569e-06,0.11201
279,0.012398,0.018311,0.005913,6.993006991251605e-06,0.15417
280,0.011536,0.015198,0.003662,7.017981715762289e-06,0.11051
281,0.015213,0.011963,0.00325,7.042956440272974e-06,0.14685
282,0.0163,0.015503,0.000797,7.067931619531009e-06,0.15361
283,0.009047,0.022705,0.013659,7.0929081630310975e-06,0.13861
284,0.013222,0.020264,0.007042,7.1178810685523786e-06,0.12844
285,0.012043,0.026489,0.014446,7.142857612052467e-06,0.14088
286,0.013042,0.027222,0.014179,7.167832791310502e-06,0.11683
287,0.020493,0.020142,0.000351,7.192807515821187e-06,0.17865
288,0.013645,0.022217,0.008572,7.2177822403318714e-06,0.12627
289,0.012848,0.0177,0.004852,7.242757419589907e-06,0.12831
290,0.01432,0.026855,0.012535,7.2677321441005915e-06,0.13589
291,0.015299,0.018555,0.003256,7.292707323358627e-06,0.15096
292,0.012053,0.021484,0.009431,7.317682047869312e-06,0.12117
293,0.01638,0.023193,0.006813,7.342656772379996e-06,0.20453
294,0.016785,0.023193,0.006409,7.367631951638032e-06,0.16024
295,0.016327,0.021851,0.005524,7.392606676148716e-06,0.19889
296,0.017941,0.018799,0.000858,7.4175832196488045e-06,0.14609
297,0.01096,0.015259,0.004299,7.442557944159489e-06,0.12927
298,0.014088,0.02002,0.005932,7.467533123417525e-06,0.15753
299,0.011211,0.035156,0.023945,7.492507847928209e-06,0.1454
300,0.01638,0.025146,0.008766,7.517482572438894e-06,0.14253
301,0.011181,0.022583,0.011402,7.542457751696929e-06,0.15338
302,0.013306,0.026001,0.012695,7.567432476207614e-06,0.13485
303,0.014439,0.021973,0.007534,7.5924076554656494e-06,0.16066
304,0.015099,0.020874,0.005775,7.617382379976334e-06,0.16295
305,0.016115,0.012512,0.003603,7.64235755923437e-06,0.16394
306,0.010498,0.01532,0.004822,7.667332283745054e-06,0.11934
307,0.012318,0.020874,0.008556,7.692308827245142e-06,0.16269
308,0.013996,0.025391,0.011395,7.717281732766423e-06,0.14837
309,0.011703,0.019287,0.007584,7.742258276266512e-06,0.15503
310,0.010912,0.022827,0.011915,7.767233000777196e-06,0.1124
311,0.012527,0.027344,0.014816,7.79220772528788e-06,0.24386
312,0.021267,0.021484,0.000217,7.817182449798565e-06,0.28267
313,0.013517,0.020752,0.007235,7.842158083803952e-06,0.17234
314,0.012051,0.029541,0.01749,7.867132808314636e-06,0.13772
315,0.014679,0.022949,0.00827,7.892107532825321e-06,0.26111
316,0.011539,0.022583,0.011044,7.917083166830707e-06,0.16743
317,0.022785,0.032715,0.00993,7.942057891341392e-06,0.202
318,0.01318,0.03125,0.01807,7.967032615852077e-06,0.17448
319,0.013372,0.024902,0.01153,7.992007340362761e-06,0.15076
320,0.018135,0.021484,0.003349,8.01698388386285e-06,0.17516
321,0.019417,0.033447,0.01403,8.04195678938413e-06,0.19213
322,0.012449,0.03064,0.01819,8.066933332884219e-06,0.14665
323,0.013161,0.023315,0.010155,8.091908057394903e-06,0.13789
324,0.015188,0.02771,0.012522,8.116882781905588e-06,0.1629
325,0.019638,0.021606,0.001968,8.141858415910974e-06,0.15537
326,0.017296,0.030029,0.012733,8.166833140421659e-06,0.14788
327,0.012468,0.038574,0.026106,8.191807864932343e-06,0.1233
328,0.012665,0.023804,0.011139,8.21678349893773e-06,0.14627
329,0.020306,0.017334,0.002972,8.241758223448414e-06,0.23407
330,0.013294,0.021606,0.008312,8.266732947959099e-06,0.13835
331,0.013771,0.021851,0.00808,8.291709491459187e-06,0.12503
332,0.020973,0.016602,0.004372,8.316682396980468e-06,0.16721
333,0.007877,0.025024,0.017147,8.341658940480556e-06,0.11569
334,0.016186,0.024048,0.007862,8.366633664991241e-06,0.2247
335,0.012318,0.014954,0.002636,8.391608389501926e-06,0.1496
336,0.013914,0.016846,0.002932,8.41658311401261e-06,0.15434
337,0.02087,0.015076,0.005795,8.441558748017997e-06,0.16867
338,0.013088,0.011658,0.001431,8.466533472528681e-06,0.13188
339,0.012009,0.02124,0.009232,8.491508197039366e-06,0.14161
340,0.021015,0.02417,0.003155,8.516483831044752e-06,0.20558
341,0.009693,0.019043,0.00935,8.541458555555437e-06,0.1398
342,0.028355,0.02417,0.004185,8.566433280066121e-06,0.15785
343,0.01091,0.022949,0.012039,8.591408004576806e-06,0.10937
344,0.016014,0.020752,0.004738,8.616384548076894e-06,0.17021
345,0.020706,0.016235,0.004471,8.641357453598175e-06,0.18578
346,0.007963,0.019409,0.011446,8.666333997098263e-06,0.12272
347,0.015612,0.018799,0.003187,8.691308721608948e-06,0.14605
348,0.013699,0.026367,0.012669,8.716283446119633e-06,0.12965
349,0.011314,0.027344,0.016029,8.741259080125019e-06,0.12516
350,0.020061,0.027588,0.007526,8.766233804635704e-06,0.12481
351,0.011185,0.020996,0.009811,8.791208529146388e-06,0.09955
352,0.013748,0.016968,0.00322,8.816184163151775e-06,0.14046
353,0.02607,0.028564,0.002495,8.84115888766246e-06,0.20767
354,0.008772,0.023315,0.014544,8.866133612173144e-06,0.13426
355,0.009607,0.018677,0.009069,8.891110155673232e-06,0.12734
356,0.014961,0.023071,0.00811,8.916083061194513e-06,0.12278
357,0.010674,0.045898,0.035225,8.941059604694601e-06,0.13808
358,0.015816,0.029785,0.013969,8.966034329205286e-06,0.12826
359,0.010098,0.031738,0.021641,8.99100905371597e-06,0.14825
360,0.016754,0.018555,0.001801,9.015983778226655e-06,0.17507
361,0.017452,0.01709,0.000362,9.040959412232041e-06,0.12763
362,0.017429,0.020142,0.002712,9.065934136742726e-06,0.15424
363,0.012463,0.019897,0.007435,9.09090886125341e-06,0.12798
364,0.010223,0.021362,0.011139,9.115884495258797e-06,0.11843
365,0.009222,0.02063,0.011408,9.140859219769482e-06,0.11563
366,0.0144,0.017822,0.003422,9.165833944280166e-06,0.12101
367,0.009438,0.021484,0.012047,9.19080866879085e-06,0.11953
368,0.014557,0.0271,0.012543,9.215785212290939e-06,0.17281
369,0.016499,0.021362,0.004864,9.24075811781222e-06,0.18528
370,0.009338,0.025146,0.015808,9.265734661312308e-06,0.12905
371,0.010612,0.018921,0.008308,9.290709385822993e-06,0.13625
372,0.01408,0.010986,0.003094,9.315684110333677e-06,0.18513
373,0.014713,0.01239,0.002323,9.340659744339064e-06,0.16175
374,0.015831,0.011475,0.004356,9.365634468849748e-06,0.14201
375,0.011795,0.015137,0.003342,9.390609193360433e-06,0.15503
376,0.012829,0.0177,0.004871,9.41558482736582e-06,0.16577
377,0.014999,0.020996,0.005997,9.440559551876504e-06,0.13894
378,0.017269,0.015259,0.00201,9.465534276387189e-06,0.19563
379,0.013706,0.012695,0.001011,9.490510819887277e-06,0.14448
380,0.016087,0.012817,0.003269,9.515483725408558e-06,0.18129
381,0.024109,0.019165,0.004944,9.540460268908646e-06,0.22859
382,0.013268,0.019287,0.00602,9.56543499341933e-06,0.14407
383,0.019463,0.014832,0.004631,9.590409717930015e-06,0.17646
384,0.012405,0.022217,0.009811,9.6153844424407e-06,0.16901
385,0.014179,0.018433,0.004253,9.640360076446086e-06,0.15218
386,0.017519,0.02124,0.003721,9.66533480095677e-06,0.1936
387,0.014587,0.018677,0.004089,9.690309525467455e-06,0.2647
388,0.009705,0.018799,0.009094,9.715285159472842e-06,0.10779
389,0.01598,0.021851,0.005871,9.740259883983526e-06,0.20308
390,0.012653,0.014771,0.002117,9.765234608494211e-06,0.1505
391,0.011631,0.020264,0.008633,9.790209333004896e-06,0.17027
392,0.01173,0.016235,0.004505,9.815185876504984e-06,0.14109
393,0.01371,0.015869,0.002159,9.840158782026265e-06,0.15302
394,0.01445,0.016479,0.002029,9.865135325526353e-06,0.1745
395,0.010658,0.018799,0.008141,9.890110050037038e-06,0.14622
396,0.016607,0.024292,0.007685,9.915084774547722e-06,0.14983
397,0.015491,0.025269,0.009777,9.940059499058407e-06,0.19294
398,0.012814,0.031128,0.018314,9.965035133063793e-06,0.12416
399,0.009583,0.025024,0.015442,9.990009857574478e-06,0.13299
400,0.014301,0.018188,0.003887,1.0014984582085162e-05,0.11635
401,0.019386,0.021851,0.002464,1.0039960216090549e-05,0.13942
402,0.012314,0.024902,0.012589,1.0064934940601233e-05,0.13749
403,0.013189,0.019897,0.006708,1.0089909665111918e-05,0.17335
404,0.016304,0.018921,0.002617,1.0114884389622603e-05,0.12606
405,0.01939,0.016113,0.003277,1.013986093312269e-05,0.16969
406,0.010597,0.013184,0.002586,1.0164833838643972e-05,0.15354
407,0.013962,0.016724,0.002762,1.018981038214406e-05,0.14598
408,0.013117,0.014526,0.00141,1.0214784197160043e-05,0.13836
409,0.014179,0.022827,0.008648,1.023975983116543e-05,0.17819
410,0.016483,0.024414,0.007931,1.0264735465170816e-05,0.12595
411,0.010773,0.017822,0.00705,1.02897101896815e-05,0.11636
412,0.020498,0.020508,1e-05,1.0314684914192185e-05,0.19242
413,0.02211,0.024658,0.002548,1.0339660548197571e-05,0.15592
414,0.013876,0.02417,0.010294,1.0364636182202958e-05,0.11834
415,0.014738,0.021484,0.006746,1.038960999721894e-05,0.1443
416,0.007567,0.016724,0.009156,1.0414586540719029e-05,0.1032
417,0.013992,0.02002,0.006027,1.043955944624031e-05,0.12984
418,0.014477,0.022583,0.008106,1.0464535989740398e-05,0.15059
419,0.016363,0.019165,0.002802,1.048950980475638e-05,0.14068
420,0.014839,0.016602,0.001762,1.0514485438761767e-05,0.17423
421,0.018063,0.02063,0.002567,1.053945925377775e-05,0.18302
422,0.009445,0.020996,0.011551,1.0564435797277838e-05,0.12681
423,0.008858,0.022095,0.013237,1.0589410521788523e-05,0.09935
424,0.009737,0.024414,0.014677,1.0614385246299207e-05,0.12094
425,0.017559,0.022339,0.00478,1.0639361789799295e-05,0.22257
426,0.010769,0.028809,0.01804,1.0664335604815278e-05,0.12776
427,0.018166,0.026001,0.007835,1.0689311238820665e-05,0.11463
428,0.015923,0.022217,0.006294,1.0714285053836647e-05,0.1411
429,0.018188,0.020142,0.001953,1.0739261597336736e-05,0.15615
430,0.010235,0.023926,0.013691,1.0764234502858017e-05,0.15657
431,0.008692,0.024414,0.015722,1.0789211046358105e-05,0.12013
432,0.011621,0.025513,0.013891,1.0814184861374088e-05,0.0966
433,0.018272,0.029663,0.011391,1.0839160495379474e-05,0.17206
434,0.011642,0.024902,0.01326,1.086413612938486e-05,0.13959
435,0.015476,0.015991,0.000515,1.0889110853895545e-05,0.15311
436,0.013981,0.014343,0.000362,1.091408557840623e-05,0.10915
437,0.013184,0.024048,0.010864,1.0939061212411616e-05,0.12461
438,0.023628,0.022461,0.001167,1.0964036846417002e-05,0.15265
439,0.013004,0.021118,0.008114,1.0989010661432985e-05,0.12162
440,0.025631,0.024414,0.001217,1.1013987204933073e-05,0.18963
441,0.017746,0.017578,0.000168,1.1038960110454354e-05,0.10745
442,0.00964,0.013916,0.004276,1.1063936653954443e-05,0.12924
443,0.008797,0.015625,0.006828,1.1088910468970425e-05,0.14645
444,0.011978,0.016113,0.004135,1.1113886102975812e-05,0.14044
445,0.012051,0.018677,0.006626,1.1138859917991795e-05,0.13955
446,0.024529,0.027466,0.002937,1.1163836461491883e-05,0.18193
447,0.011742,0.019531,0.00779,1.1188811186002567e-05,0.13814
448,0.016411,0.015381,0.00103,1.1213785910513252e-05,0.16424
449,0.01461,0.019165,0.004555,1.123876245401334e-05,0.14447
450,0.01292,0.021484,0.008564,1.1263736269029323e-05,0.11968
451,0.012955,0.015076,0.002121,1.128871190303471e-05,0.12265
452,0.011292,0.016846,0.005554,1.1313685718050692e-05,0.16031
453,0.010862,0.020508,0.009645,1.133866226155078e-05,0.12181
454,0.016434,0.016479,4.6e-05,1.1363635167072061e-05,0.18334
455,0.009106,0.017212,0.008106,1.138861171057215e-05,0.13881
456,0.01289,0.013916,0.001026,1.1413585525588132e-05,0.1383
457,0.01754,0.014832,0.002708,1.1438561159593519e-05,0.17103
458,0.014103,0.016846,0.002743,1.1463536793598905e-05,0.14145
459,0.024395,0.018555,0.00584,1.148851151810959e-05,0.17062
460,0.009483,0.026978,0.017494,1.1513486242620274e-05,0.11975
461,0.011499,0.033203,0.021704,1.153846187662566e-05,0.15295
462,0.020958,0.020752,0.000206,1.1563437510631047e-05,0.1541
463,0.012005,0.013123,0.001118,1.158841132564703e-05,0.12176
464,0.013241,0.010681,0.00256,1.1613387869147118e-05,0.14276
465,0.012032,0.015137,0.003105,1.16383607746684e-05,0.13386
466,0.018517,0.021973,0.003456,1.1663337318168487e-05,0.16255
467,0.018471,0.013489,0.004982,1.168831113318447e-05,0.14028
468,0.011681,0.011719,3.8e-05,1.1713286767189857e-05,0.13524
469,0.011654,0.016113,0.004459,1.173826058220584e-05,0.13202
470,0.019726,0.016846,0.00288,1.1763237125705928e-05,0.16486
471,0.01232,0.015442,0.003122,1.1788211850216612e-05,0.16386
472,0.016178,0.013672,0.002506,1.1813186574727297e-05,0.15956
473,0.014778,0.016235,0.001457,1.1838163118227385e-05,0.14304
474,0.016895,0.014282,0.002613,1.1863136933243368e-05,0.14308
475,0.018013,0.026001,0.007988,1.1888112567248754e-05,0.15971
476,0.017754,0.032227,0.014473,1.1913086382264737e-05,0.17734
477,0.015575,0.024902,0.009327,1.1938062925764825e-05,0.1441
478,0.020454,0.018188,0.002266,1.1963035831286106e-05,0.1864
479,0.011631,0.016846,0.005215,1.1988012374786194e-05,0.1895
480,0.017612,0.017578,3.4e-05,1.2012986189802177e-05,0.15948
481,0.014725,0.019165,0.00444,1.2037961823807564e-05,0.12749
482,0.01421,0.020996,0.006786,1.206293745781295e-05,0.19123
483,0.014099,0.021362,0.007263,1.2087912182323635e-05,0.17022
484,0.010605,0.026611,0.016006,1.211288690683432e-05,0.13467
485,0.014627,0.017212,0.002584,1.2137862540839706e-05,0.10073
486,0.012276,0.023071,0.010796,1.2162838174845092e-05,0.11907
487,0.014118,0.018433,0.004314,1.2187811989861075e-05,0.19128
488,0.014996,0.0177,0.002705,1.2212788533361163e-05,0.15516
489,0.015736,0.015442,0.000294,1.2237761438882444e-05,0.14743
490,0.014858,0.01123,0.003628,1.2262737982382532e-05,0.12418
491,0.012177,0.011902,0.000275,1.2287711797398515e-05,0.22961
492,0.012653,0.010254,0.002399,1.2312687431403901e-05,0.1715
493,0.014576,0.018433,0.003857,1.2337661246419884e-05,0.14872
494,0.013878,0.014526,0.000648,1.2362637789919972e-05,0.14462
495,0.014088,0.016357,0.00227,1.2387610695441253e-05,0.13254
496,0.016136,0.021729,0.005592,1.2412587238941342e-05,0.1576
497,0.010853,0.0177,0.006847,1.243756378244143e-05,0.14822
498,0.011353,0.022461,0.011108,1.2462537597457413e-05,0.14833
499,0.010241,0.025391,0.01515,1.2487513231462799e-05,0.12701
500,0.017094,0.022827,0.005733,1.2512487046478782e-05,0.1372
501,0.010616,0.017212,0.006596,1.253746358997887e-05,0.15437
502,0.012413,0.013855,0.001442,1.2562436495500151e-05,0.16764
503,0.013668,0.016968,0.0033,1.258741303900024e-05,0.13209
504,0.011272,0.014771,0.003498,1.2612386854016222e-05,0.10786
505,0.019974,0.013062,0.006912,1.2637362488021608e-05,0.19533
506,0.016289,0.02356,0.007271,1.2662336303037591e-05,0.13089
507,0.010073,0.02002,0.009947,1.268731284653768e-05,0.1318
508,0.014153,0.023682,0.009529,1.2712289390037768e-05,0.12997
509,0.007858,0.012512,0.004654,1.2737262295559049e-05,0.12782
510,0.015278,0.019775,0.004498,1.2762238839059137e-05,0.16882
511,0.01557,0.024048,0.008478,1.278721265407512e-05,0.13397
512,0.014648,0.018799,0.00415,1.2812188288080506e-05,0.12154
513,0.012566,0.014832,0.002266,1.2837162103096489e-05,0.15458
514,0.017456,0.012146,0.00531,1.2862138646596577e-05,0.16587
515,0.011429,0.013062,0.001633,1.2887111552117858e-05,0.15918
516,0.014538,0.017822,0.003284,1.2912088095617946e-05,0.14814
517,0.017323,0.026123,0.008801,1.2937061910633929e-05,0.15341
518,0.015411,0.017456,0.002045,1.2962037544639315e-05,0.16885
519,0.011196,0.019531,0.008335,1.2987014997634105e-05,0.15711
520,0.013477,0.019531,0.006054,1.3011987903155386e-05,0.12586
521,0.01189,0.017334,0.005444,1.3036960808676668e-05,0.13012
522,0.00975,0.015869,0.006119,1.3061938261671457e-05,0.16776
523,0.012337,0.019287,0.00695,1.3086913895676844e-05,0.17448
524,0.008358,0.019287,0.010929,1.3111887710692827e-05,0.1455
525,0.019741,0.020752,0.001011,1.3136864254192915e-05,0.1685
526,0.016457,0.029541,0.013084,1.3161837159714196e-05,0.13235
527,0.013065,0.02124,0.008175,1.3186813703214284e-05,0.19557
528,0.01506,0.015015,4.6e-05,1.3211787518230267e-05,0.18401
529,0.010395,0.01709,0.006695,1.3236763152235653e-05,0.1288
530,0.0112,0.014832,0.003632,1.3261736967251636e-05,0.13669
531,0.01333,0.009521,0.003809,1.3286713510751724e-05,0.14227
532,0.011509,0.016602,0.005093,1.3311686416273005e-05,0.16437
533,0.017914,0.0271,0.009186,1.3336662959773093e-05,0.25305
534,0.019714,0.020386,0.000671,1.3361639503273182e-05,0.18116
535,0.011402,0.01239,0.000988,1.3386613318289164e-05,0.12713
536,0.012238,0.015381,0.003143,1.341158895229455e-05,0.117
537,0.01548,0.015137,0.000343,1.3436562767310534e-05,0.17835
538,0.015022,0.021362,0.00634,1.3461539310810622e-05,0.15315
539,0.014303,0.021484,0.007181,1.3486512216331903e-05,0.15673
540,0.017979,0.023315,0.005337,1.3511488759831991e-05,0.19357
541,0.012932,0.02124,0.008308,1.3536462574847974e-05,0.1528
542,0.020721,0.016235,0.004486,1.356143820885336e-05,0.18466
543,0.01099,0.016479,0.005489,1.3586412023869343e-05,0.15059
544,0.010742,0.019531,0.008789,1.3611388567369431e-05,0.17024
545,0.010895,0.02124,0.010345,1.363636511086952e-05,0.16471
546,0.012833,0.023193,0.010361,1.3661338925885502e-05,0.15095
547,0.010927,0.027344,0.016417,1.3686314559890889e-05,0.13557
548,0.014641,0.017578,0.002937,1.3711288374906871e-05,0.18169
549,0.013947,0.015503,0.001556,1.373626491840696e-05,0.15944
550,0.012615,0.02002,0.007404,1.376123782392824e-05,0.15496
551,0.009476,0.017212,0.007736,1.3786214367428329e-05,0.13928
552,0.018501,0.012512,0.005989,1.3811188182444312e-05,0.15568
553,0.01268,0.018799,0.006119,1.3836163816449698e-05,0.13666
554,0.026199,0.020874,0.005325,1.3861137631465681e-05,0.20795
555,0.013004,0.021484,0.00848,1.3886114174965769e-05,0.15422
556,0.009865,0.013428,0.003563,1.3911090718465857e-05,0.13651
557,0.015705,0.015259,0.000446,1.3936063623987138e-05,0.14923
558,0.01152,0.027832,0.016312,1.3961040167487226e-05,0.12945
559,0.009457,0.021362,0.011906,1.398601398250321e-05,0.20129
560,0.012152,0.019287,0.007135,1.4010989616508596e-05,0.14504
561,0.015495,0.02478,0.009285,1.4035963431524578e-05,0.14668
562,0.01123,0.023926,0.012695,1.4060939975024667e-05,0.14361
563,0.013916,0.021118,0.007202,1.4085912880545948e-05,0.13328
564,0.011196,0.021606,0.01041,1.4110889424046036e-05,0.12382
565,0.013062,0.020386,0.007324,1.4135863239062019e-05,0.16808
566,0.013123,0.016479,0.003357,1.4160838873067405e-05,0.11714
567,0.016209,0.015259,0.00095,1.4185816326062195e-05,0.14961
568,0.008389,0.030029,0.021641,1.4210789231583476e-05,0.10901
569,0.012421,0.019531,0.007111,1.4235762137104757e-05,0.13394
570,0.012833,0.021118,0.008286,1.4260739590099547e-05,0.14729
571,0.015392,0.018311,0.002918,1.4285715224104933e-05,0.13076
572,0.013367,0.020142,0.006775,1.4310689039120916e-05,0.10494
573,0.011673,0.019653,0.00798,1.4335665582621004e-05,0.16108
574,0.01627,0.01709,0.00082,1.4360638488142285e-05,0.11457
575,0.017792,0.015442,0.00235,1.4385615031642374e-05,0.19001
576,0.01367,0.01355,0.00012,1.4410588846658356e-05,0.10677
577,0.011555,0.011047,0.000507,1.4435564480663743e-05,0.1125
578,0.01268,0.014404,0.001724,1.4460538295679726e-05,0.12525
579,0.020977,0.015747,0.00523,1.4485514839179814e-05,0.16069
580,0.014088,0.012756,0.001331,1.4510487744701095e-05,0.10587
581,0.012142,0.012329,0.000187,1.4535464288201183e-05,0.14524
582,0.013512,0.01416,0.000648,1.4560440831701271e-05,0.1369
583,0.01561,0.014282,0.001328,1.4585414646717254e-05,0.14085
584,0.017254,0.018066,0.000813,1.461039028072264e-05,0.1701
585,0.012138,0.010681,0.001457,1.4635364095738623e-05,0.10062
586,0.014381,0.016235,0.001854,1.4660340639238711e-05,0.17852
587,0.024845,0.015747,0.009098,1.4685313544759993e-05,0.15416
588,0.013599,0.015991,0.002392,1.471029008826008e-05,0.20582
589,0.027994,0.018555,0.009439,1.4735263903276064e-05,0.16195
590,0.012783,0.016968,0.004185,1.476023953728145e-05,0.13476
591,0.013157,0.019775,0.006618,1.4785213352297433e-05,0.14462
592,0.012905,0.02063,0.007725,1.4810189895797521e-05,0.13593
593,0.008226,0.026611,0.018385,1.4835166439297609e-05,0.11108
594,0.011507,0.020264,0.008757,1.4860140254313592e-05,0.16009
595,0.012032,0.016724,0.004692,1.4885115888318978e-05,0.14621
596,0.011011,0.02478,0.013769,1.4910089703334961e-05,0.14804
597,0.021572,0.020264,0.001308,1.493506624683505e-05,0.14017
598,0.011536,0.021484,0.009949,1.496003915235633e-05,0.14489
599,0.010624,0.011963,0.001339,1.4985015695856418e-05,0.11506
600,0.01137,0.009094,0.002275,1.5009989510872401e-05,0.14994
601,0.010113,0.009766,0.000347,1.5034965144877788e-05,0.14034
602,0.009607,0.015381,0.005774,1.505993895989377e-05,0.10325
603,0.007687,0.014221,0.006535,1.5084915503393859e-05,0.11049
604,0.014053,0.018433,0.004379,1.5109892046893947e-05,0.14236
605,0.01096,0.014587,0.003628,1.5134864952415228e-05,0.12577
606,0.013323,0.019775,0.006453,1.5159841495915316e-05,0.14489
607,0.009766,0.026367,0.016602,1.5184815310931299e-05,0.1431
608,0.010469,0.018555,0.008085,1.5209790944936685e-05,0.1629
609,0.013445,0.015747,0.002302,1.5234764759952668e-05,0.13765
610,0.01145,0.020508,0.009058,1.5259740393958054e-05,0.12176
611,0.010462,0.017212,0.00675,1.528471511846874e-05,0.13381
612,0.014633,0.015137,0.000504,1.5309689842979424e-05,0.14087
613,0.009544,0.019775,0.010231,1.533466456749011e-05,0.14495
614,0.011375,0.020752,0.009377,1.5359641110990196e-05,0.16399
615,0.010292,0.012268,0.001976,1.5384617654490285e-05,0.12988
616,0.01025,0.014893,0.004642,1.5409590560011566e-05,0.1234
617,0.011591,0.013672,0.002081,1.5434563465532847e-05,0.13459
618,0.011944,0.018311,0.006367,1.5459540009032935e-05,0.15615
619,0.014435,0.017456,0.003021,1.5484516552533023e-05,0.18192
620,0.014847,0.016235,0.001389,1.5509491277043708e-05,0.1661
621,0.010423,0.020752,0.010329,1.5534466001554392e-05,0.13947
622,0.010826,0.020386,0.00956,1.5559440726065077e-05,0.12004
623,0.012329,0.014893,0.002563,1.558441545057576e-05,0.1509
624,0.010906,0.017456,0.00655,1.5609390175086446e-05,0.13586
625,0.01228,0.017578,0.005299,1.563436489959713e-05,0.12039
626,0.012666,0.012024,0.000642,1.5659343262086622e-05,0.12148
627,0.008236,0.010681,0.002445,1.5684316167607903e-05,0.12318
628,0.012966,0.018311,0.005344,1.5709289073129185e-05,0.1234
629,0.01124,0.02002,0.00878,1.5734265616629273e-05,0.12403
630,0.012196,0.03064,0.018444,1.575924216012936e-05,0.14107
631,0.017643,0.021729,0.004086,1.5784215065650642e-05,0.13081
632,0.014675,0.023438,0.008762,1.580919160915073e-05,0.11764
633,0.014053,0.018921,0.004868,1.5834166333661415e-05,0.11619
634,0.009916,0.029053,0.019136,1.58591410581721e-05,0.11312
635,0.008316,0.036621,0.028305,1.5884115782682784e-05,0.10802
636,0.01178,0.028809,0.017029,1.590909050719347e-05,0.10028
637,0.011696,0.020874,0.009178,1.5934065231704153e-05,0.11276
638,0.012993,0.02063,0.007637,1.595904177520424e-05,0.14614
639,0.008829,0.021973,0.013144,1.5984014680725522e-05,0.10612
640,0.012058,0.02002,0.007961,1.600899122422561e-05,0.13181
641,0.01384,0.018555,0.004715,1.60339677677257e-05,0.12673
642,0.008026,0.02356,0.015533,1.605894067324698e-05,0.10065
643,0.012011,0.022461,0.01045,1.608391357876826e-05,0.10271
644,0.018583,0.026367,0.007784,1.6108891941257752e-05,0.14017
645,0.015173,0.017822,0.002649,1.6133866665768437e-05,0.13989
646,0.012203,0.018188,0.005985,1.6158841390279122e-05,0.11842
647,0.008102,0.014038,0.005936,1.6183816114789806e-05,0.0927
648,0.012028,0.014099,0.002071,1.620879083930049e-05,0.09741
649,0.010317,0.013489,0.003172,1.6233765563811176e-05,0.10836
650,0.013622,0.014954,0.001331,1.625874028832186e-05,0.16173
651,0.009148,0.014893,0.005745,1.6283716831821948e-05,0.11609
652,0.01133,0.023682,0.012352,1.6308693375322036e-05,0.13589
653,0.01619,0.019165,0.002975,1.6333666280843318e-05,0.14541
654,0.010799,0.022705,0.011906,1.63586391863646e-05,0.12292
655,0.014215,0.0177,0.003485,1.6383615729864687e-05,0.11273
656,0.010418,0.020508,0.01009,1.6408592273364775e-05,0.12682
657,0.007372,0.019409,0.012037,1.643356699787546e-05,0.08917
658,0.011465,0.019775,0.00831,1.6458541722386144e-05,0.1165
659,0.011196,0.017944,0.006748,1.648351644689683e-05,0.12522
660,0.008766,0.019775,0.011009,1.6508491171407513e-05,0.12041
661,0.011246,0.01532,0.004074,1.6533465895918198e-05,0.13105
662,0.013161,0.013367,0.000206,1.6558442439418286e-05,0.11165
663,0.012432,0.018555,0.006123,1.6583418982918374e-05,0.11909
664,0.007236,0.02063,0.013393,1.6608391888439655e-05,0.09423
665,0.010738,0.017212,0.006474,1.6633364793960936e-05,0.1012
666,0.01095,0.016357,0.005407,1.6658341337461025e-05,0.13926
667,0.01079,0.021118,0.010328,1.6683317880961113e-05,0.12706
668,0.015385,0.022095,0.00671,1.6708292605471797e-05,0.10939
669,0.011839,0.016479,0.004641,1.6733267329982482e-05,0.14529
670,0.010849,0.01355,0.002701,1.6758242054493167e-05,0.13452
671,0.01263,0.019043,0.006413,1.678321677900385e-05,0.12094
672,0.01248,0.018677,0.006197,1.6808191503514536e-05,0.11329
673,0.00993,0.016602,0.006672,1.683316622802522e-05,0.12593
674,0.011541,0.0177,0.006159,1.6858140952535905e-05,0.14428
675,0.015726,0.010437,0.005289,1.6883117496035993e-05,0.12375
676,0.015671,0.011719,0.003952,1.6908090401557274e-05,0.13764
677,0.011765,0.016357,0.004593,1.6933066945057362e-05,0.15314
678,0.011446,0.024658,0.013212,1.695804348855745e-05,0.1409
679,0.019539,0.020386,0.000847,1.698301639407873e-05,0.1309
680,0.010963,0.015747,0.004784,1.7007989299600013e-05,0.12596
681,0.011143,0.015137,0.003994,1.7032967662089504e-05,0.14817
682,0.007496,0.017334,0.009838,1.705794238660019e-05,0.10935
683,0.011993,0.013794,0.001801,1.7082917111110874e-05,0.13383
684,0.012037,0.014648,0.002611,1.7107891835621558e-05,0.14947
685,0.010502,0.014282,0.00378,1.7132866560132243e-05,0.17209
686,0.016178,0.023071,0.006893,1.7157841284642927e-05,0.16179
687,0.017712,0.016235,0.001476,1.7182816009153612e-05,0.15134
688,0.013237,0.012146,0.001091,1.72077925526537e-05,0.14431
689,0.014336,0.012085,0.002251,1.7232769096153788e-05,0.2076
690,0.009113,0.022461,0.013348,1.725774200167507e-05,0.16574
691,0.014088,0.019165,0.005077,1.728271490719635e-05,0.10484
692,0.009605,0.015381,0.005775,1.730769145069644e-05,0.11692
693,0.017784,0.014343,0.003441,1.7332667994196527e-05,0.14723
694,0.011059,0.017578,0.006519,1.735764271870721e-05,0.15697
695,0.014977,0.019897,0.004921,1.7382617443217896e-05,0.16837
696,0.01548,0.010071,0.005409,1.740759216772858e-05,0.1597
697,0.014177,0.011353,0.002825,1.7432566892239265e-05,0.15271
698,0.012444,0.009521,0.002923,1.745754161674995e-05,0.10562
699,0.011738,0.012085,0.000347,1.7482518160250038e-05,0.11306
700,0.01123,0.010803,0.000427,1.7507494703750126e-05,0.14922
701,0.016495,0.012207,0.004288,1.7532467609271407e-05,0.14683
702,0.010754,0.013245,0.002491,1.7557440514792688e-05,0.1118
703,0.012486,0.019409,0.006924,1.7582417058292776e-05,0.12125
704,0.011763,0.014221,0.002459,1.7607393601792865e-05,0.13326
705,0.017511,0.018677,0.001165,1.763236832630355e-05,0.15395
706,0.014109,0.02124,0.007132,1.7657343050814234e-05,0.11476
707,0.013914,0.028076,0.014162,1.768231777532492e-05,0.1144
708,0.0117,0.024414,0.012714,1.7707292499835603e-05,0.12494
709,0.007809,0.015442,0.007633,1.7732267224346288e-05,0.12502
710,0.015684,0.015503,0.000181,1.7757241948856972e-05,0.13159
711,0.01852,0.013916,0.004604,1.7782220311346464e-05,0.13897
712,0.015331,0.017944,0.002613,1.7807193216867745e-05,0.13679
713,0.01775,0.018433,0.000683,1.7832166122389026e-05,0.15367
714,0.01803,0.017578,0.000452,1.7857142665889114e-05,0.13779
715,0.011896,0.019409,0.007513,1.7882119209389202e-05,0.13025
716,0.010252,0.01178,0.001528,1.7907092114910483e-05,0.10968
717,0.011629,0.017456,0.005827,1.793206865841057e-05,0.1517
718,0.014137,0.014526,0.000389,1.7957043382921256e-05,0.10824
719,0.015915,0.021118,0.005203,1.798201810743194e-05,0.12856
720,0.013069,0.014526,0.001457,1.8006992831942625e-05,0.13729
721,0.014286,0.011292,0.002995,1.803196755645331e-05,0.1685
722,0.017895,0.018066,0.000172,1.8056942280963995e-05,0.13309
723,0.010601,0.022705,0.012104,1.8081918824464083e-05,0.11718
724,0.008951,0.021973,0.013021,1.8106891729985364e-05,0.10004
725,0.008011,0.020386,0.012375,1.8131868273485452e-05,0.11501
726,0.009178,0.022095,0.012917,1.815684481698554e-05,0.10435
727,0.024578,0.020508,0.00407,1.818181772250682e-05,0.19644
728,0.009766,0.015747,0.005981,1.8206790628028102e-05,0.12994
729,0.013412,0.015259,0.001846,1.8231768990517594e-05,0.1421
730,0.01535,0.013245,0.002106,1.825674371502828e-05,0.12605
731,0.008332,0.013794,0.005462,1.8281718439538963e-05,0.11204
732,0.015205,0.011597,0.003609,1.8306693164049648e-05,0.14926
733,0.008854,0.016357,0.007504,1.8331667888560332e-05,0.14264
734,0.009918,0.015747,0.005829,1.8356642613071017e-05,0.13569
735,0.014923,0.015259,0.000336,1.83816173375817e-05,0.16529
736,0.007378,0.014526,0.007149,1.840659388108179e-05,0.0939
737,0.015263,0.014893,0.00037,1.8431570424581878e-05,0.1815
738,0.010281,0.018311,0.00803,1.845654333010316e-05,0.12828
739,0.011539,0.012695,0.001156,1.848151623562444e-05,0.14592
740,0.009849,0.01416,0.004312,1.8506492779124528e-05,0.11299
741,0.006924,0.011414,0.00449,1.8531469322624616e-05,0.14245
742,0.010332,0.012756,0.002424,1.85564440471353e-05,0.10018
743,0.012516,0.012268,0.000248,1.8581418771645986e-05,0.14129
744,0.010252,0.012634,0.002382,1.860639349615667e-05,0.19276
745,0.022011,0.016479,0.005531,1.8631368220667355e-05,0.16031
746,0.011333,0.018188,0.006855,1.865634294517804e-05,0.11461
747,0.011843,0.019531,0.007689,1.8681319488678128e-05,0.11752
748,0.008932,0.017456,0.008524,1.8706296032178216e-05,0.11294
749,0.009815,0.016968,0.007153,1.8731268937699497e-05,0.11818
750,0.009789,0.015869,0.006081,1.8756241843220778e-05,0.11247
751,0.015411,0.011597,0.003815,1.8781218386720866e-05,0.12212
752,0.012424,0.016724,0.004299,1.8806194930220954e-05,0.12585
753,0.010864,0.02478,0.013916,1.883116965473164e-05,0.12862
754,0.010307,0.026123,0.015816,1.8856144379242323e-05,0.12242
755,0.008152,0.019531,0.011379,1.8881119103753008e-05,0.09579
756,0.006855,0.016113,0.009258,1.8906093828263693e-05,0.07527
757,0.010702,0.012329,0.001627,1.8931068552774377e-05,0.10451
758,0.01107,0.022949,0.011879,1.8956043277285062e-05,0.10134
759,0.014191,0.027588,0.013397,1.8981021639774553e-05,0.13384
760,0.010227,0.017578,0.007351,1.9005994545295835e-05,0.11501
761,0.017548,0.021851,0.004303,1.9030967450817116e-05,0.11801
762,0.009403,0.026611,0.017208,1.9055943994317204e-05,0.12917
763,0.00852,0.029419,0.020899,1.9080920537817292e-05,0.11954
764,0.008955,0.016968,0.008013,1.9105893443338573e-05,0.11153
765,0.016819,0.022949,0.00613,1.913086998683866e-05,0.13534
766,0.009499,0.018433,0.008934,1.9155844711349346e-05,0.11737
767,0.020424,0.016968,0.003456,1.918081943586003e-05,0.11272
768,0.009262,0.014099,0.004837,1.9205794160370715e-05,0.12957
769,0.018875,0.016479,0.002396,1.92307688848814e-05,0.11658
770,0.008078,0.01709,0.009012,1.9255743609392084e-05,0.11288
771,0.008407,0.015625,0.007218,1.9280720152892172e-05,0.09992
772,0.008827,0.019287,0.01046,1.9305693058413453e-05,0.08938
773,0.011684,0.02063,0.008945,1.933066960191354e-05,0.1059
774,0.007401,0.017944,0.010544,1.935564614541363e-05,0.10901
775,0.014736,0.015198,0.000462,1.938061905093491e-05,0.10424
776,0.012459,0.01709,0.004631,1.9405591956456192e-05,0.11842
777,0.021065,0.014954,0.006111,1.9430570318945684e-05,0.11736
778,0.01049,0.017822,0.007332,1.9455545043456368e-05,0.11339
779,0.009686,0.023193,0.013508,1.9480519767967053e-05,0.11103
780,0.01054,0.013977,0.003437,1.9505494492477737e-05,0.13335
781,0.012203,0.010254,0.001949,1.9530469216988422e-05,0.11015
782,0.010292,0.013672,0.00338,1.9555443941499107e-05,0.13475
783,0.011099,0.015015,0.003916,1.958041866600979e-05,0.10365
784,0.01395,0.017578,0.003628,1.960539520950988e-05,0.13466
785,0.010473,0.015991,0.005518,1.9630371753009968e-05,0.10861
786,0.010094,0.010986,0.000893,1.965534465853125e-05,0.1352
787,0.012121,0.012451,0.00033,1.968031756405253e-05,0.13526
788,0.010574,0.019287,0.008713,1.9705294107552618e-05,0.12347
789,0.013073,0.018921,0.005848,1.9730270651052706e-05,0.11442
790,0.013294,0.018677,0.005383,1.975524537556339e-05,0.11858
791,0.009754,0.015137,0.005383,1.9780220100074075e-05,0.1197
792,0.009748,0.016113,0.006365,1.980519482458476e-05,0.12288
793,0.013008,0.015869,0.002861,1.9830169549095444e-05,0.12753
794,0.0207,0.021729,0.001028,1.985514427360613e-05,0.16682
795,0.01256,0.02124,0.00868,1.9880118998116814e-05,0.1324
796,0.008711,0.022095,0.013384,1.9905097360606305e-05,0.09986
797,0.00898,0.018921,0.009941,1.9930070266127586e-05,0.09952
798,0.010792,0.018555,0.007763,1.9955043171648867e-05,0.13716
799,0.011742,0.019165,0.007423,1.9980019715148956e-05,0.14462
